{
    "meta": {
        "mode": "sls",
        "P0": 101325.0,
        "T0": 288.15,
        "V0": 0.0,
        "N1_ref_rpm": 12000.0,
        "N2_ref_rpm": 9000.0,
        "N1_pct_fixed": 76.8,
        "N2_pct_fixed": 93.1,
        "BPR": 9.0,
        "combustor_mode": "T4_cmd",
        "nozzle_mode": "report_simple",
        "A_core_nozzle": 0.017,
        "A_bypass_nozzle": 0.061,
        "eta_hpt": 0.9,
        "eta_lpt": 0.9
    },
    "throttle": [
        0.15,
        0.23333333333333334,
        0.31666666666666665,
        0.4,
        0.4833333333333333,
        0.5666666666666667,
        0.65,
        0.7333333333333333,
        0.8166666666666667,
        0.9
    ],
    "PR_HPT": [
        0.22953147888183598,
        0.25132904052734373,
        0.2723613739013673,
        0.2926068305969237,
        0.3120620727539063,
        0.33073635101318355,
        0.3486474990844726,
        0.365818977355957,
        0.3822776794433594,
        0.39805278778076175
    ],
    "PR_LPT": [
        0.7984284639358521,
        0.8114288330078125,
        0.8228979349136352,
        0.8330899000167844,
        0.8422057628631592,
        0.8504076480865478,
        0.857825255393982,
        0.8645655870437623,
        0.8707178115844727,
        0.8763544797897338
    ]
}