{
    "throttle": [
        0.15,
        0.23333333333333334,
        0.31666666666666665,
        0.4,
        0.4833333333333333,
        0.5666666666666667,
        0.65,
        0.7333333333333333,
        0.8166666666666667,
        0.9
    ],
    "PR_HPT": [
        0.347174072265625,
        0.3693786621093751,
        0.390374755859375,
        0.41022949218750004,
        0.42901611328125006,
        0.44679565429687496,
        0.46364135742187507,
        0.47960815429687487,
        0.494757080078125,
        0.50914306640625
    ],
    "PR_LPT": [
        0.4430557250976563,
        0.46931991577148446,
        0.49345703125,
        0.5156681060791015,
        0.5361736297607422,
        0.5551357269287109,
        0.5727230072021485,
        0.589065170288086,
        0.6042854309082032,
        0.6184940338134768
    ]
}