{
    "meta": {
        "mode": "cruise",
        "P0": 23842.0,
        "T0": 218.81,
        "V0": 230.0,
        "N1_ref_rpm": 12000.0,
        "N2_ref_rpm": 9000.0,
        "N1_pct_fixed": 76.8,
        "N2_pct_fixed": 93.1,
        "BPR": 9.0,
        "combustor_mode": "T4_cmd",
        "nozzle_mode": "report_simple",
        "A_core_nozzle": 0.017,
        "A_bypass_nozzle": 0.061,
        "eta_hpt": 0.9,
        "eta_lpt": 0.9
    },
    "throttle": [
        0.15,
        0.23333333333333334,
        0.31666666666666665,
        0.4,
        0.4833333333333333,
        0.5666666666666667,
        0.65,
        0.7333333333333333,
        0.8166666666666667,
        0.9
    ],
    "PR_HPT": [
        0.34716796875,
        0.36937255859375007,
        0.39036865234375,
        0.41022644042968753,
        0.4290100097656251,
        0.4467926025390625,
        0.46363525390625004,
        0.4796020507812499,
        0.4947509765625,
        0.5091369628906249
    ],
    "PR_LPT": [
        0.44304924011230473,
        0.46931991577148446,
        0.49345054626464846,
        0.5156681060791015,
        0.5361671447753906,
        0.5551357269287109,
        0.5727230072021485,
        0.589065170288086,
        0.6042854309082032,
        0.6184940338134768
    ]
}