{
  "P0": 101325.0,
  "T0": 288.15,
  "N1_RPM": 12000.0,
  "N2_RPM": 9000.0,
  "BPR": 5.0,
  "throttle_cmd": 0.6,
  "P2": 184918.125,
  "T2": 364.04649060787415,
  "P3": 739672.5,
  "T3": 640.4910459450218,
  "P4": 4741955.408432009,
  "T4": 1500.0,
  "P45": 537112.4547465532,
  "T45": 936.3913010890225,
  "P5": 442039.88883384917,
  "T5": 896.625122024599,
  "m_air": 260.4646864412328,
  "m_fuel": 1.4795473043919194,
  "FAR": 0.005680414203580497,
  "m_gas": 261.94423374562473,
  "PR_HPC": 6.4108850990566895,
  "eta_HPC": 0.6909551557035104,
  "PR_HPT": 0.11326813697814941,
  "PR_LPT": 0.8229931831359862,
  "Torque_FAN": 4246.780475338398,
  "Torque_LPC": 5285.799194869794,
  "Torque_HPC": 180141.28332026934,
  "Torque_HPT": 180141.27949814903,
  "Torque_LPT": 9532.584918303268,
  "TorqueReq_N1": 9532.579670208192,
  "TorqueDiff_N2": -0.0038221203139983118,
  "TorqueDiff_N1": 0.0052480950762401335
}